L,recall_at_k,std
20,0.934,0.11594826432508594
50,0.9884999999999999,0.04144574767090105
100,0.9965,0.02092247595290767
200,0.998,0.013999999999999997
500,1.0,0.0
1000,1.0,0.0
