method,QE_MRR,QE_retention_rate,QH_parent_hits10,QH_improvement_over_kg,trade_off_ratio
hyem_no_gate,0.0194733893557422,0.02830784098420496,0.088,-0.20000000000000004,-0.20582650394398108
hyem_hard,0.6879150326797386,1.0,0.09,-0.18181818181818185,999.9
hyem_soft,0.6734514472455648,0.9789747501550713,0.202,0.8363636363636364,39.77901059593675
