L,recall_at_k,std
20,0.9470000000000001,0.09322553298319083
50,0.996,0.022
100,0.9990000000000001,0.009949874371066196
200,0.9995,0.007053367989832941
500,1.0,0.0
1000,1.0,0.0
