L,recall_at_k,std
20,0.9330000000000002,0.10300970828033636
50,0.9880000000000001,0.045343136195018535
100,0.9975,0.01561249499599599
200,1.0,0.0
500,1.0,0.0
1000,1.0,0.0
