L,recall_at_k,std
20,0.9784999999999999,0.07132846556599966
50,1.0,0.0
100,1.0,0.0
200,1.0,0.0
500,1.0,0.0
1000,1.0,0.0
