metric,C_H_only,C_H_union_C_E,pooling_contribution,pct_improvement,euclidean_baseline,gap_to_euclid_no_pool,gap_to_euclid_with_pool
QE_hits10,0.0454545454545454,0.951948051948052,0.9064935064935066,1994.2857142857167,0.9688311688311688,0.9233766233766234,0.016883116883116833
QE_mrr,0.0162801484230055,0.8154730983302412,0.7991929499072357,4909.002849002869,0.8688878581735725,0.852607709750567,0.05341475984333133
QH_parent_hits10,0.0480961923847695,0.2344689378757515,0.18637274549098198,387.5000000000004,0.5230460921843687,0.47494989979959923,0.2885771543086172
QM_hits10,0.1632653061224489,0.5326530612244897,0.3693877551020408,226.2500000000001,0.6387755102040816,0.4755102040816327,0.10612244897959189
