method,QE_MRR,QE_retention_rate,QH_parent_hits10,QH_improvement_over_kg,trade_off_ratio
hyem_no_gate,0.0162801484230055,0.018736765935740942,0.0480961923847695,0.7142857142857187,0.7279246684166941
hyem_hard,0.8688878581735725,1.0,0.0480961923847695,0.7142857142857187,999.9
hyem_soft,0.8154730983302412,0.9385251395322629,0.2344689378757515,7.357142857142886,119.67725995903679
